rank,src_txid,dst_txid,importance
1,94152708,94336308,0.630724310874939
2,94336308,94336306,0.5487531423568726
